,review_id,compound_unclean
0,RY52KZABZK8QF,-0.6273
1,R3GCOEV4HYZG2I,0.514
2,R1V2OPPNL0QGCE,0.8155
3,R9Q0QDTLKV567,-0.395
4,R3DL7HYC3QTWNI,0.0
5,R3M88678ZYC6WI,0.8476
6,R2G20T7N6L3HO1,0.0516
7,R29F0E6EJJCEEM,0.7717
8,R1WU4A3QFKJ0HT,-0.1621
9,R2Q061UH1EJHIJ,0.7351
10,R2F0TUS62C3ZCN,0.9573
11,R2X9MN0B0MVUZT,0.3384
12,R35P4D0NHKAGKE,0.6696
13,R2V6PXBBC9ZPKZ,0.6938
14,R1MTXPHNTE0OEM,-0.9535
15,RR48906IDDC7R,0.1522
16,R3BRGLMPYWFS2N,0.7289
17,R1FB7BN6Z0L3XO,0.9856
18,R3U4EMQXXN5ZWA,0.9148
19,RCFH27W77OTPH,0.8316
20,R2R63T6FP7G9JL,0.5423
21,RLQM6VC4WYV08,-0.656
22,R3YSEIBEK0XYT,0.0
23,R9HXJK5NX9IPY,0.7474
24,R14FJ9TGHJN8X8,0.8807
25,R36FKD0RA85LD2,-0.2023
26,RV08WAK7KQ5C8,0.4215
27,RUMJPRPFJFIZ2,0.5267
28,R29HSQ1GJXRRXH,0.8481
29,RRO2C7LNHYSSL,0.5719
30,ROKWTKVHCUN0D,0.6249
31,R23IP4R4VPCU7W,0.5719
32,R3ALDVS4RB8YJD,0.8024
33,R7LFUNGK7ZW6L,0.2732
34,RYUZHTA87W6I9,0.5577
35,R2UQX5X29O3ICI,0.6414
36,R3MSBQ3L6OIFIP,0.4404
37,RPR2PCYD8LDEM,0.7184
38,R17Z5LA3XNPOSX,0.8126
39,R1V1MIFZU32A97,0.9026
40,R33HSAVWTVNLG6,0.6369
41,R37VRG2JRLUORR,0.8674
42,R1UFH7URKHIN3E,0.0
43,R3M0JKAJ6MB493,0.8495
44,RE5FI6X7K940Q,0.3612
45,R4IVJK585QSVN,0.879
46,R191WJ8DHZTEB3,0.7217
47,RX0KIGMX2MNAG,0.6556
48,R33QQZWE5WZ1MK,0.5812
49,R2XD9H8S4VPDDT,0.9133
50,R2OXNE998ILXLZ,-0.888
51,R1CXMZHGT72D65,0.4404
52,RUXO2SYPJHRAR,0.9522
53,R1DDJOZCYZBOT9,0.4337
54,R2A9T9J3IZ5H5E,0.8356
55,R3EPBXK1X7BZDI,0.9531
56,R1HFUJLGGZLA2X,0.6696
57,R1SGRCSYQEMI0F,0.8622
58,R198VUDI60EYSE,0.2023
59,R2VDH787K2ZDVS,-0.2263
60,RJSZGT70TBDBX,0.6249
61,R1LKTKXR8G1437,0.6588
62,R2UDBTRZJPU09T,-0.7188
63,R2487ZJ2GCE02N,0.4927
64,R33PO0Y4KJSRIB,0.2942
65,R32U84HFYW9RAB,0.9552
66,R243KI1FG0AU9V,0.9631
67,R2WZZTZYTMETND,0.9217
68,R3E7YAWJUADFEN,0.4754
69,R2DJ78G40RCH9Z,0.9168
70,RN8OH8WQQAE3Z,0.8754
71,R1J4VBBQ7CY8LY,-0.8703
72,RRC3S9SHXY1XP,0.4927
73,R2S6C5PBXVCHFD,0.807
74,R1RCBMXTERHOHJ,0.7717
75,RTRM5DKF96E9D,0.8553
76,R32N9OYUHZYHKB,-0.8622
77,R39MLY03O5BEIB,0.0
78,R24L0SMFBBZ6HY,0.5719
79,R30L6DPZXQ6JDR,0.9641
80,R3B1AXP92P40OK,0.6696
81,R199R4XPI71OP6,0.9081
82,R24NEPZ4WFT7C0,0.6186
83,R1PIZ8HOJNUTAF,-0.3036
84,R2B33BCFFCQ4DW,0.9659
85,R23V86M1E49J6O,0.6249
86,R2E1MRFF2ETWMV,0.6249
87,R7AL22LD3THYB,0.8849
88,R3RHTF0LIO1OBB,-0.7837
89,R1AJIP6XR52IJV,0.9076
90,R23Q0HY498I6ZP,0.8057
91,R2CJ5TXV3GIRDY,-0.4724
92,R2L4EY0P304JL8,0.6658
93,R3MIJAFRTBPML3,-0.6642
94,R3E421W44VLOGE,-0.7645
95,R3WP6JWEIUWIA,0.2023
96,R2BODWYT9PR3JB,0.6369
97,RYOE2GLDD0U0X,0.5719
98,R1KHFT5CGKK48W,-0.4767
99,R2D7WQTXCQ18T6,-0.5789
100,R2ZYJNJLVR8CP0,0.9628
101,R3P9DLH7MBKD1M,0.802
102,RL1QISLPTAI4,0.9001
103,R3K2D443JAU9RW,0.4404
104,R1BR2L4W12N06P,0.3716
105,R3IKOSBYNYQXBP,0.4215
106,R3B2XBII0AQEFS,0.0
107,R7GHMJIK7ZYZQ,-0.7806
108,RL3IWA2QSALS8,0.0
109,R1LD5M4RE6WLCE,0.5994
110,R16Q3SEKYGVNE6,0.9778
111,R1JYKFIFTON0K9,0.9617
112,REKNRPIWYQC90,0.4466
113,R2UL1AD92GYETH,0.7841
114,R10L8O0TS6FAG4,0.8121
115,R1WS8X1AG8C5MN,0.5719
116,R2M9JER1R33XNZ,0.2732
117,R2NR0KJ8SLR2WL,-0.8885
118,R9ECQ1ZR56HC2,0.9561
119,R3OQ1KN5DVJ89D,-0.8989
120,RAPJI82JLVHI1,-0.5826
121,R3TC2LG93ZKSXR,0.8885
122,R1ZWVVTCOWDM71,0.648
123,R2WP0WR00QL0V1,0.6369
124,R2QH24GL108GJ8,0.6605
125,RY4326S1Y1KGT,0.9018
126,RQGWL6FSHWCHS,0.9457
127,R2YLWV5JRVCK78,0.6115
128,R3LWJVDVB6KWCV,0.3384
129,R2SB6J0RPRDTLH,-0.2263
130,R1RZY6WFAX3VL5,0.1822
131,R10PK7DWAEONM6,0.329
132,R2OWZI76PO1NG9,0.4404
133,R3TDTW18NRVOQR,-0.2263
134,R3OZD227MDBDHL,0.8819
135,R15A4WHTTFWEI8,0.4767
136,R1QWHQ8TFNMJ40,0.2144
137,ROJMMFHOJTELU,-0.5272
138,R3E0UBBYGRCFRR,0.7717
139,R23DF21WLIID6F,0.1531
140,R2S14XJ2751E4X,0.0
141,R29P1XS5DMQ7FY,-0.8402
142,RWI2FSOJQXPTW,0.6553
143,R2C1SZLAR10YS3,0.5267
144,R1Z5MFDJGISHRU,0.8903
145,R22FBTW1LVP90S,0.8184
146,R17BI1WY8EQY78,0.4199
147,R2C3R2WPMW8XNE,-0.4023
148,R3070M1GUMFCBN,0.8971
149,RSLNVGRUD0SAF,-0.8748
150,R2YMXF378Y8F4A,0.6115
151,REU14VXUS7CGL,0.0
152,RET70WLZ98W1N,0.9916
153,RC7Y30OR77HQK,0.7346
154,R38UTIHXDTJLZC,0.4754
155,RNFBX2GNO7UDW,0.6908
156,R3LPHRFYN1YARG,0.6588
157,R3L9W316F5XNCK,-0.0387
158,R2JYDRY6S8XCW9,0.6956
159,R1YZHE6E5J8WBB,0.7705
160,R15VV70DD5Y32T,-0.5423
161,R1GUQ9D9ROKIA9,0.4404
162,R3NR7YX26QU15N,0.6249
163,R163LW970AY27D,0.7579
164,R3I90C5MG6JQSH,0.3065
165,R2HYWHBN8MWANW,0.0
166,R29YECPAW0J2XW,-0.8645
167,RC1V9WJOMJ17E,0.6588
168,R1KA167MA5TX0B,0.0
169,RIH1YQOP3DBXC,-0.296
170,R189SLGHXGGHE0,0.9482
171,R1T6P3VLB0KK58,0.3818
172,RICLDNUBRB4ZZ,0.8155
173,R12TRBRT2TGCTJ,0.7845
174,R2X69W4OFW9TF0,-0.4404
175,RWN0SBTAQZ2EI,0.6588
176,RZWZLCI38F3WA,-0.6395
177,R18RK4AMZPKAT3,0.4404
178,R1L8UQWDQ97S4Q,-0.2057
179,RR94LC4GJ50O1,-0.7929
180,R1LZARCZY8L7MS,0.6115
181,R1H2HJ1HNCK65T,-0.9454
182,R2XK3M2NFIM2FO,0.6369
183,R2X6QIO45VVIJS,0.6588
184,R1RWUZNR4OCN0L,0.8787
185,R2H26J3O0ED2Y6,0.6249
186,R28SDES59I6W9Z,0.7717
187,RBBLEFG4QUYJM,0.4927
188,RLL0U047K7JS3,0.8588
189,R2T2GA18YO2XDA,-0.8016
190,R272H0JXKQ9X3J,0.6943
191,R1TLN21I325FS5,-0.3384
192,RPOYPOP5E2VQ6,0.9702
193,R3VHNN6DJZM9XB,0.9924
194,R2ZLYJVWQC7AAO,0.2023
195,R22DA3Q27Z30AI,-0.1136
196,R31XQA3VURA579,-0.4404
197,R1541OS04QRJ5C,0.9295
198,R3NYX8QMSUHDZP,-0.2584
199,R2570ZHCI4D5R9,0.6746
200,R2PATR8EL5FJC7,0.8172
201,R1061QYUBNR3EC,0.6915
202,R2K57TO4G9FC9C,0.8519
203,RY5ROV01NTKD3,0.836
204,R1R0UN7M77DW5A,0.4939
205,RNUQ2JDMH8QHV,0.4927
206,RK5D50840CCAE,0.0
207,R23HJ4TLYTCUER,-0.794
208,R122I01R3SG3YQ,0.7579
209,R10J20RIZIRYPC,0.7598
210,R20U165C43HAQA,0.0
211,R300ZT6T6O9XBW,0.7574
212,R1BC3E2QS68XXX,0.0
213,R3N3RL34MMGNJG,-0.9521
214,R1QJVNDARZR0P3,-0.6808
215,R2A0554RLEXC1L,0.906
216,R3O9NNGYOCY2Z4,0.126
217,RWPICUU5Y75N8,0.6249
218,R1OBGOWZEHPYK2,0.7579
219,R2ZNL13RMQRWH6,0.3506
220,R3KXSH8GS72ZHR,0.2732
221,R205I5IVIPNKWB,0.6249
222,RJGT5P2IVO09N,0.8689
223,R109GLOGRQ2E5D,-0.4817
224,R3O8C1BJYKZ6Z5,0.7957
225,R8B773YIDRE9Z,0.6588
226,R3FKOBEPUG4D57,0.8957
227,RA40MJPJ5L90J,0.9299
228,R16LCB3C22CDEE,0.4754
229,R1D9P6NZGXRTZH,0.8817
230,R29H2P36FDDCQZ,0.8743
231,R6K84574GQB7A,0.6369
232,RNHJCWGCXCYIE,0.7171
233,RCHSF6V062F0K,0.4404
234,R3LLUXQC656K33,0.6892
235,R3UMLQR0WFBJ11,0.0
236,R2KLJXKH63Q79X,0.9243
237,RA7TKH17IQK12,-0.5719
238,R22JV9UGDBU4T4,0.8074
239,RP2MT8N1SZ89T,0.9061
240,RGDMD4BTMC6F0,0.0
241,R3QIBYTTC1BM0J,0.4404
242,R3KM1U52ML5ABN,-0.8225
243,R6ITZ4QZ7PPYN,0.6369
244,R1TZD1QDCSTKZ5,-0.476
245,R53D680LOUMGG,0.7906
246,R2BTTPYBP2WRIN,-0.5256
247,R2WGYPT425ZGI9,0.6374
248,R2U5A8P7ZZO75F,-0.7257
249,R3PO0FS6U9AYH7,0.0
250,R2HS70FXJIHJXV,0.8128
251,REKMNME7NFLP7,0.8439
252,R3AYE2KD858HU2,0.0
253,RK5MFV1Q3CD08,0.4389
254,RYAK6FMQP5OIZ,0.2023
255,R37QDZDVNK1DDR,0.8832
256,R2DOL1YP03DBIP,-0.7096
257,R30L5ZFH38L1TP,0.8681
258,RY5ICOYO22ZKI,0.0
259,RTWQDLKBEHP2G,0.7906
260,R3J1816Y5MLS2I,0.4404
261,R1J29IXQRJ03ZV,0.9442
262,R1BERN7QTAHPSW,0.5423
263,R3PM6B8RRH94P4,0.9476
264,RV4OR1L3WDVZ9,0.8707
265,R2WU5EROQI8HNF,0.128
266,R24KITNGJ7X38R,0.6633
267,R353RGEUI9DIJ2,0.8519
268,RHXIQ5HR7R8D7,0.9457
269,R3SY8YT8TX0HD4,0.8655
270,R13TGI03PCF3W6,0.7269
271,R22IK2YT8XQ2JK,0.9473
272,R3C8ESDX6W9W3Y,-0.4389
273,RV9OLDPTXJN14,0.9465
274,R2L1B4BKDA89EA,-0.8225
275,R20BVQVU5U21I8,0.3612
276,R1EZTMPMRTJUO2,0.2232
277,RKIU8M23KE4O3,0.2419
278,R1NRJ47IB2OOB5,0.6114
279,R9BQALBELRTWH,-0.8998
280,RXJOERQY6NIH5,0.128
281,R1ZO5T5N9H5ROB,0.4404
282,R3F8SDZZ42Q34W,0.8677
283,R3UYZQN5HCQV71,0.1759
284,RV0ZPTTHTD0O1,-0.9582
285,R21R3WW9OCDVYE,0.765
286,R226MHGWFL43AZ,-0.827
287,R2V28UNWER4583,0.4215
288,R6FD8HQTSD88O,0.6588
289,R14FW5HILO46S0,-0.3702
290,R1RRNK68CSBBOE,-0.7306
291,R12T6MQ6SMHAPK,0.8745
292,RZKJ9B5Q749WA,0.743
293,R3PXXLXNMOEUMF,0.9249
294,R2IY4CE8VLPTJJ,0.6588
295,R30S8EQAXDPE0T,0.0
296,R2PXZLI7HVC2KJ,0.8316
297,R28A4J68L184B3,0.0
298,R2OTFWUC33J2RK,0.0
299,R2LHZYSUVJ0DIY,0.6124
300,R1Q1DMVAKV0PA3,-0.4939
301,R3IO29LYC3C64A,0.6461
302,R2IC3QN4JJ67P5,-0.5707
303,RERRISE94H2O6,0.0
304,R3VOJK777371YN,0.0
305,R1EQR7AC65MJ57,0.794
306,R15DW8TP6PYKXQ,0.6249
307,R314F1DVRDWTTF,0.4215
308,RL8B72WJEZKUO,0.9001
309,R1DW6NVZ10VBWE,-0.3041
310,R24X384TUWR84J,0.9364
311,R18UEDTIGLZFTD,0.3612
312,R2LXISLVU03D1O,0.8689
313,R1DBTNDRNHJEU8,0.2023
314,R28ZKVUHCXI34I,0.8715
315,RBIGJW4HRXE4V,0.8957
316,R24043XL4797KY,0.8791
317,R1I5I2318M3B9R,0.0
318,R24810Q3ZRRTLZ,-0.7008
319,R1M4PNCKMW31FE,0.7506
320,R3F2LCNNLVDE71,0.0
321,R2OQYLSLE5QE9P,0.5383
322,R30DTC8PFT3O6M,0.8211
323,R2XX5W3PADIA88,0.836
324,R275TOKV40U353,0.864
325,R1LAM8T6FGKZF1,0.9142
326,R3KY22KCH3IL7K,0.8525
327,RTN1JHWIWIGYK,0.4215
328,R2GXN7E5UV5Y4F,0.8036
329,RJWLU4GT90TD6,-0.2582
330,R2ES60TLKTNJLK,0.1655
331,R2TP91G18Q7WQV,-0.3855
332,R3P25JARZNPUV3,0.6892
333,RVDX6AYTINO2K,0.6908
334,R3BAG7DY4PV1OW,0.9
335,R3O16Q0LZ2T497,0.2105
336,R32RZI4INALUXU,0.9244
337,R7WJTGGIOFYCJ,-0.1689
338,R3UOMD87R27SOU,0.8115
339,R1IIRAVJ75JJHT,0.9056
340,R3GBJN6A9T1M1A,-0.0516
341,R2HX4VASQC4S8Q,-0.7672
342,RYFTIY71ZLBU3,0.0
343,RAXLUANX890H,-0.8225
344,R3US9T9SV5XVJV,0.5719
345,R3NEWCLWGNYI74,0.3765
346,R3A00CVAVX2OOA,-0.4767
347,R2SUCD2ILVP5XE,0.2422
348,R36SQGV2X26IVN,0.9517
349,R1Y4EFPGX0HDWH,0.4939
350,R5DUDM9BGDJTZ,0.872
351,R1F5WMR0SIGLRE,0.8796
352,RSTNC7KGUHSJ,-0.4215
353,R2R92PF3UWNWKO,0.8953
354,R3831T9HRDIFE4,0.9685
355,R1LUIK319MP35A,0.4767
356,R33R55NIDLQZMQ,0.5719
357,R4AAJRGYV3OKA,0.1779
358,R17TH7PVR4TM4P,0.8105
359,R1HJP9RNAZ688V,0.2732
360,R2T0XBD4RSMGZT,0.9191
361,R3K5BMVISB99X6,0.2363
362,R4T5EHI54EVPJ,-0.7717
363,R18AHFHNVF3BKI,0.7245
364,R10KDGG28D2M5I,0.09
365,R34O5JIO61UOG5,0.9338
366,R3L148PUUTGR8N,0.0
367,R14MDQZZSTRM97,-0.5569
368,R1TWPAWD4N2I1D,0.5627
369,R1UDVY5L6LM51D,0.7964
370,R1GPOMHSJDCT2G,0.7964
371,R3205ZN0LI4C59,0.6597
372,R15H4EC365J21,0.8204
373,R2LOFMHIL5B0C4,-0.1065
374,R20MF1IPAUS10G,0.0
375,RKSM59RISDFMQ,0.7351
376,R1FGHIJOETM4QM,0.0
377,RXK69A0SHFYMY,0.7397
378,R4VOAPDEDOYLA,0.6249
379,R3W50NWLVM311T,-0.7096
380,R2F8SGDLEZCVNU,0.5106
381,RRN1O6G95PH9J,0.0
382,R2D8LGAK7LW3Y8,0.714
383,R1IE03WRE7N20L,-0.9816
384,R2KF3RP4ILCMXW,0.9725
385,R2QSK9S8OO2COA,0.2716
386,R3OYCHU8AITB8Q,0.6124
387,RKVTRTJME5GSH,0.0
388,R1FX9FJTL3SKKU,0.5271
389,RQ4BWGM9C7S4X,0.5475
390,R2CS1DK8SHU7IK,0.952
391,RUX3YUVHRY7ID,0.9754
392,R2WOAM132QSGAG,0.5574
393,R3SWCZU6HPQ4MA,-0.6486
394,R3UMRU0YZF8TNP,0.8316
395,R19KUMCS9B61IS,0.5987
396,RGVWLBLQ9CARR,-0.9337
397,R36RH0803WBM0D,0.0
398,R2JFLO1ADSRKI8,0.7906
399,R2MM2GASVMU6DN,0.8126
400,R2KYRF005TAK5K,0.6249
401,R1DA0X9P660JV0,-0.5329
402,R7CSFIE5ME0NX,0.4588
403,RW3IPSERDKH3S,-0.296
404,RMQ7JE4HHFXRP,0.4404
405,R28MUTG29WSVU6,0.8777
406,R1QCGKU2JCNXXH,-0.3182
407,R3Q0YJO5WH53HW,0.9761
408,R2TJ8SPN7GVVLI,0.939
409,RMQ6JLV9TH3LU,0.9803
410,R30KC5ZEJG9TRT,-0.3384
411,R3EZENT0N48ROI,0.734
412,R3V6OMOV1YJYWM,-0.2523
413,RODRVH0D5O4Y1,0.4404
414,RW0BV0NWX3BI0,0.9451
415,R24CBO6JXTGW8F,-0.8257
416,R6IOL603H6OWL,0.2023
417,RR0FSKCEDU1ZL,-0.3736
418,R1X32OW8XWCN3I,0.9816
419,R1CCDUX6ESZE3W,0.8436
420,R1JY0FULUX4717,0.0772
421,RA7XJFBG15XEM,0.6369
422,RLD3MDTUH5POL,0.0
423,R2Y3RT6FZ372JY,0.8478
424,R3JMFOQAZNAQMK,0.9577
425,RDSIVGBD06FP3,0.807
426,R20WTWZIDBWTNC,0.6239
427,R2Y9U3WYUSH1FU,0.8484
428,R2VUWXZU6PFI61,0.938
429,R2EFYS7OEWYMLA,-0.4215
430,R3CE7QSSDHWU4F,-0.4767
431,R1OPXB0I06ZM2H,0.8625
432,RERJ8U7YRMV38,0.6486
433,R3BGW6DVK6DVJQ,-0.3612
434,RU4ILCDH2GN77,-0.4404
435,R1HDJDZIOFW0E2,0.0
436,R2QF8YVM9PILYM,0.4404
437,R37CV45NTNGNPS,0.8977
438,R3HR8C94LXR54U,-0.6261
439,R1Q8QHHF6K0MUR,0.807
440,RQR7VNBB9TCSW,-0.4767
441,R17VC20TMVUV1C,0.2192
442,R12XAO2OSWL4T,0.2382
443,R8XORMUCAJA7A,-0.8762
444,R1ICCARX4FQ073,0.671
445,R3LTWVFTLXF642,0.9386
446,R1ZMT1T66CYAJ,-0.4588
447,R2G01Q2XFEUQXG,-0.4404
448,R34JAM3HNTPDP7,0.4437
449,R1I5NTQEECERUX,0.9938
450,R1C85SVG0UVEZD,-0.7618
451,R251LAVFUFQUOL,0.881
452,R22H2UYZ2P039T,-0.7911
453,RI5T2SKQXJZO9,-0.6093
454,RXY3GG65JPRVR,-0.6283
455,R3AZICL3DCNMDJ,0.5719
456,R3K7SS177DHQ3V,0.9184
457,R1P0RUB8X7EAP9,-0.765
458,R3QEJQD1OLMBIA,0.7841
459,R212TLAXUN30WQ,-0.636
460,R2DTIT2XOPU48M,0.9871
461,RVLICW4HJN2QX,0.5632
462,R2YB7J4QPP4Q3P,0.3384
463,R3J01KRMP5Q95N,0.9538
464,R3U160NGKTVW49,0.9957
465,R1X5MS0IJF1QUJ,0.5371
466,RFVE5U32PUANZ,0.7579
467,R9A89T35VZSVW,-0.431
468,RD7MWCARZKA5Z,0.9092
469,RWEYS327JRKC8,-0.0489
470,R3OMSM9XB7X14U,0.5358
471,R8Z5VK8T7746S,0.9081
472,R1T7C1C9QJ1UJK,0.5719
473,R220VI34BLHQZN,-0.1027
474,R1C5GDOVP36K2Q,0.7783
475,R3QVPNZ7G9X744,0.9243
476,R176MFKCDBGMV2,0.8316
477,R25NSG24NM4TLD,0.8996
478,RBHH2L95OZW8P,0.3626
479,RIQVMACBRZG8Z,0.0141
480,R3OXRQSF8KA6V2,0.5859
481,ROJDDMYINXIK2,-0.2924
482,R36921V3SM3QEV,-0.9707
483,R2V1NZ9K72YZTY,0.7351
484,R15DFE5IXAS0A7,-0.3713
485,R32Q4TIVG1CAE,0.3753
486,R7T8RO1XTKJMB,-0.638
487,R1Y0PL5JSMUXUW,0.8201
488,R2RGPYLCO7C29,-0.2481
489,RZ6K9WIAUBKTM,0.6249
490,R3J420DNBE2OU,-0.5113
491,R18JWT6OR8S86M,-0.6256
492,R5G7G1CFWENZ8,0.6826
493,R23QPTW19NI4ZL,0.4019
494,R26567ZHWEL86T,0.9398
495,RKAYI062NRTTI,0.1724
496,R1CPFAMGZIXW7Z,0.6486
497,R2CL5BMJ3G940Y,0.9269
498,R1PG1C43UYBR77,-0.507
499,R30K0MQUHTA0VN,0.9572
500,R2BVMM786J3OCI,-0.3804
501,R37P5VXL1IEU13,0.0
502,R3NJ2HXZL08I7F,0.6249
503,RX1ZUVGBH3HKC,0.9972
504,R30HHT87LEQ58T,0.9355
505,R3ROW1FM562STG,0.9867
506,RG0QA5RXVTVO8,0.9693
507,R201TOS3D2FR4,0.7906
508,R3L2W1D54JWICW,0.743
509,RQH0B0GRUXI9N,-0.858
510,R3NYXFU74T63Y5,0.6588
511,R5YFC5G8V2B3I,0.9775
512,RQBGUU0C58CV2,0.8816
513,R37VH3ZT32NP6S,-0.3612
514,RZBF1BFVYHT6L,0.6249
515,R1KO8SKTLRRMJF,0.6249
516,R1EZV3UO6LP33L,0.9348
517,RB49Q8LQ3H1BQ,0.2732
518,R3HIDNGO09OAVC,0.6369
519,RVINJTQFRD1JQ,-0.7579
520,RTYMVDZN8JSVL,0.6619
521,RGI0QIDX71RDM,-0.5864
522,RKXNZX22HQZEE,0.9981
523,R2B2ASOMKPG2Y1,0.6249
524,RPNCLJWGOLNS2,0.737
525,R2PYJM9JEO9E8X,-0.1779
526,R16TWDB4H6WQZK,0.4588
527,R11ZEQ1YNUORO8,0.7351
528,RNU6IDOP7BV0Y,0.5719
529,R2T6PILHX8VPIR,0.6714
530,R261M5U6WLRFLF,0.4404
531,R1CNON69VWOU0,0.9231
532,R5THFZT2H51RX,0.6908
533,R32PTFHFWY9S1L,0.0
534,R2A8RKJ6X71CKT,0.9313
535,RTSIB49LN0D2L,0.9572
536,R2PFXY2EIZMD3K,-0.3865
537,RCM91KQW0NCCG,0.128
538,R25XMDAE573J22,0.6249
539,R2K45IY0NO70ZI,0.9955
540,RVRMVCPZKM9PT,-0.5994
541,R3UH2U55T1ZSA4,0.4404
542,RK8P69Y6XOLSZ,-0.631
543,RSWCOK46I1UAU,-0.2138
544,RIVCWT3LM0G2E,0.8452
545,R3IK8LUYPWCU9H,-0.3626
546,R32OZOWQJ0FHI1,0.6249
547,R1YCDNKNNDS7W,0.8395
548,R3REJQGN2U5WOQ,-0.9265
549,R37RXWJQ6Q4EAL,0.9062
550,R14DIBP09XNI5U,0.0
551,R2VLGWA3RDFYJZ,0.6369
552,R320MQHTFW6U61,0.9836
553,R2NOED2XUPTMI7,0.9537
554,R23S0G0SVPC0I8,0.0772
555,R9MZ0TK5X4RG8,0.9936
556,R1V8PH2CAJPJYC,-0.2263
557,RC14CXC3Q9WKX,-0.2288
558,R22040I6BN2SC,0.7225
559,R2J4VTUI1XQN0U,0.0
560,R2OLO7UMMUEW0K,0.5244
561,R2QUV0KLG38Y7U,-0.9651
562,RJNTR3P11PET9,-0.09
563,RA7T9DL1KN5HL,0.8883
564,R3D38NWGN3FIJ0,0.9423
565,R1AFAY6B0JXKY7,0.7704
566,R1GEZTNGMZPBDV,0.2732
567,R2B8PKDAHON0Z,0.9001
568,R36THGSJQMXR8N,0.3182
569,RPINQU6EY687P,0.4588
570,R36YDBEXGFB8T8,0.8324
571,RJD8L4SVUCRIH,0.6249
572,R30CS2D74HKDNN,0.7003
573,R3STZQPYKZJZX5,0.931
574,R3502XBDHL0EOI,0.765
575,R2T9I2WBUVXEPY,0.4404
576,R2A1RHIYH9SQUU,-0.6694
577,R3DWYZQFJ8GCID,-0.4215
578,RR92UT5QXQR96,0.6249
579,R1RP5STHB2OSLK,0.7469
580,R24IUFY6ZMRKO4,-0.8419
581,R1E7LAIG3WUF9U,0.872
582,R14MS5UL9B09MX,0.5719
583,RSR73GAU4K6VY,0.8722
584,R16ASFCV1UG3HO,0.489
585,R34PFW1NK782KD,-0.2462
586,RPRAMCCSPBW7X,0.3892
587,R2IQMB4IO2ZIL6,0.6868
588,R1ES7WGUKUODS8,0.4404
589,R1IUX33P1ZXF78,0.8728
590,R2RVO54YYW9VOJ,0.0
591,R1NJ9ZP8WVOQH4,0.8481
592,R2SEYAMD3EGFUL,0.6124
593,R2MRNNN4E3C2P7,0.6588
594,R39NVX27IOXXJT,0.993
595,RMG9EMNMRHPOR,0.6696
596,R1MRDVL0P65HFI,0.6428
597,R1MWAAB5QG3YRP,0.5837
598,RKG895EF1NXPE,0.9265
599,R2UY73I3Y296QJ,0.2732
600,R35BI4RK0JRYHR,0.9213
601,R31824NSOE06LB,0.8658
602,RTJBKRG86OEOQ,0.3384
603,R26GRUQ3SQJZJI,0.8949
604,R1A7M9YQAGFXC0,-0.4497
605,R2715IV60MQSPD,0.4215
606,R2O76VGL26BG8L,-0.6912
607,R3RM4W5PQ61FWQ,0.2732
608,RLFHMXRCG4MAL,-0.4215
609,R191UTQHZRDB7U,0.7693
610,RVIN3PS40RVAE,0.8478
611,R1JK44UXHWOB3S,0.765
612,R23YM24GPNN5V3,0.6588
613,R5AX9X99RCCSC,0.7272
614,RZ1H6HCKTGNR,0.9392
615,R3H4LYDEUDKU4J,0.9666
616,R3GRZUH0EEFPNU,0.9036
617,R3W41W58K5BISA,0.6249
618,R1SAT8I3TVVXX6,0.9606
619,R2XOVDFSKFIZYJ,0.9168
620,R7FA2S2WZXHJZ,0.9313
621,R3MS6XCTDQ7TK6,-0.5267
622,R25AEIQOP6BB7P,0.9246
623,R2SV80B0KFDOOL,-0.2023
624,RNQKFQI93K3T5,0.743
625,RKFGPOTYPMMAY,0.6124
626,R1KXMZ0AOEDSQ1,-0.484
627,R31UVBFDFJUPVM,0.9375
628,R1HUHZ4LPUFCKB,0.8652
629,R27H2VVVQ05RA3,-0.4767
630,R3KWKUM95ZIOCH,0.7777
631,R28JH775JUNIN0,0.1027
632,R1H0L2K5JDURIT,0.2404
633,R17J83RPXLM5QX,-0.3252
634,R2GRF9L739XZSA,0.5093
635,R2JZ3WH814K1X1,0.1027
636,R1RE14X0O17W03,0.0
637,R2EBG8Z8BIG2S8,0.5187
638,R1O9JZT0SCK2RM,0.923
639,R25TN3V6W276K4,0.8045
640,R112TXSCHBN0UK,-0.2023
641,RO50NAC801KAD,0.6696
642,R2BX2P6PYNCOAG,-0.5994
643,R25GYNC1L2253K,0.0
644,R3IG46NK1UEBHP,-0.5695
645,R1PTRB1IQMCT5W,-0.6222
646,RN98UQYU1W6VG,0.3392
647,R14KFYLTL09W8D,0.4949
648,R1P9J9HYTBXW8H,0.7777
649,R3QHDRF7901LVO,0.0
650,R15YJ9F8ASYTDQ,0.7405
651,R1L55OY9R091PE,0.5642
652,R1HTYPGHGST6EA,0.8673
653,R1NHNP6F6NPM9A,0.6072
654,R3Q3TZ4X7UY8YV,0.9787
655,RVH3DC3GNUPDU,0.7003
656,R1JAPPW9QOF6QK,0.8505
657,R26PPNZ104482,0.5386
658,R3K22J6XS6HTEM,0.6808
659,R3C3R8VNFE2IO5,0.8555
660,R2OGIZUC2S11JR,0.316
661,R3HZ7FZEG8CUU6,0.8684
662,REL5O8MTRBJF7,-0.2263
663,R3CQ8XG5E0ZGTX,0.2982
664,R2U1JLZVQ9LLV7,0.6696
665,R1QYKMRAETXE1K,0.4939
666,R3V2AG6LMV2T3E,0.2732
667,ROMVEKIPI4VL3,0.0
668,R2S0VDK666BMFX,0.0
669,RVUBAGLBR2LE0,0.7351
670,R2VQZMF96BI5KB,0.8074
671,RBJG8F91FZ9CO,0.8271
672,R13UQIRMF4A3HY,0.6249
673,RNU4F673NZGNI,-0.9472
674,R32SYN8FBR7AS1,-0.5498
675,R3ELIJQNB089K7,0.0
676,R8PLGHH8KPBS9,0.9402
677,R2I6UFYNI14HCE,0.4404
678,RFQWR7AVWLPXM,0.6249
679,R3I06BAH42IPBJ,-0.9085
680,R13CFSYILSJG0N,0.0
681,R2PY5DX7X2ZCHW,0.5106
682,R2VS5U36BIZB18,0.3071
683,R23036MN9KAAPS,0.7096
684,R2DSVF1S5LKKKI,0.8908
685,R2MPNF13C4S6Q9,0.4927
686,R1338K8UYV8HZ1,0.2481
687,R670U3MGCVROB,-0.9524
688,R2HF3YU3JDHWO8,-0.4576
689,RRI3SDWMUUX2B,-0.4588
690,R1MT9C1H122ANO,0.6249
691,R3DM0ZTAKBIB63,0.5399
692,R3SBO9S7I5CVX2,0.4927
693,R195BT6M1SP8KJ,0.1779
694,RPUGWP0LCC28K,0.7964
695,R2KFL3P1EFTHTJ,0.4215
696,R2D3DACG6K35HD,0.8875
697,R2M244T74CS5RU,0.9925
698,RSCQIQA1FUSCC,-0.7683
699,R1JWFHW000EXOJ,0.7814
700,R32U1NQBYQZ25L,-0.674
701,R21ZHN7HZQ4DT0,-0.7477
702,R125HPYFQA8JKV,0.6249
703,R29V2MIP5U8S8Z,0.9528
704,R16V54BMMQVX29,0.7906
705,RYDRY2GX0USZV,0.6249
706,R1XAAPLLT9FSEQ,0.9081
707,R1RGAFRSVLSSSX,0.9095
708,R3NFW4UN13B7D8,0.959
709,R3QZ6PGTONL75S,0.8122
710,R1SW10SZ8UM5MG,0.3755
711,R1YD12YIL2K78U,-0.6792
712,R2EAH2FUVZ71JB,0.0387
713,R3DMMPG214UA6P,-0.5994
714,RZKM3551JXN69,0.9109
715,R3QAG768FAJG62,0.274
716,R2R34MPQP9G5MD,0.1531
717,R1WR75PSD62OOR,0.7334
718,R2N85EZCY74DGM,0.784
719,R1SK73HDWIV2ZJ,-0.8395
720,R2UTDN8Q1ABCRJ,0.6249
721,R19CK8VFWCUZG,0.2303
722,RS2FTER0J3IF4,-0.9229
723,R1AAPM6CPT575Q,0.457
724,R1ZW5IK60I5UKH,0.0
725,R24WXOHCH3DPTT,0.0
726,R14KLU6IY5CNTL,-0.9354
727,R1V2KT1FCF466O,0.296
728,R10L5LKFPRBOV7,0.8051
729,RVEIBNEAH17P4,0.9609
730,R3NO3289DOBJQJ,-0.3804
731,R3CU5RD6Q0ML5T,0.946
732,R3QCD7ER70ESKO,0.0
733,R2IXO20AEH99OC,0.6369
734,RBD01D4YPZVWX,0.1531
735,R1SY2M4YIBIK2R,0.8803
736,R30DKM7GZ7L0L5,0.4007
737,RJ9P1K599OVVI,-0.1321
738,R2VP9M9V6F1WH2,0.0
739,RNLNH2HXF98MS,-0.7391
740,R1Z9JF4GYQ50MS,0.8708
741,R341NXZYCNZASE,-0.1531
742,RUTBADGS029BA,-0.9594
743,R1IG56BHB5SCYV,0.0382
744,R2Y6ZSUO4GOE1O,0.3818
745,R10MD4PFSKVX1T,0.8442
746,RB8T19OI7RZK1,0.5927
747,R2R9J1VAZC0DIV,0.4404
748,R1C0VG5UIYP8UX,-0.2656
749,R3VIK1V0N1LACW,-0.5499
750,RZKGNEMPUEKMJ,0.0243
751,R2X4JV0NEOELJW,-0.0516
752,R2AKNCV4GRO3HY,0.926
753,RLBFS6RM93UUX,0.6588
754,R3OVEUJ55AKNG2,0.7184
755,R1ZRMHQTMEVEY7,0.5334
756,R2YXQUCXH8M3NC,0.6997
757,R1TS0D24NLO0SL,0.9593
758,RPDIG53UR875Y,0.6249
759,REX0XLZC35OKC,0.7759
760,R1M8HRW94JOBB1,0.9468
761,R125EO1WML3JBB,0.6486
762,R2EKW6LGZYRL15,-0.7789
763,RXAFCQWGVF27A,0.4215
764,R1C8OJRIQF4KDA,0.9741
765,R2FM5MI8H9AFFL,0.5719
766,R87XGU53ENGPW,0.6887
767,R3GKYXOQ3IS5CY,0.0
768,R20P9L37S796TG,-0.9644
769,R3PFQV0ZVPLIQ7,0.9198
770,R23DGA5HMNMCGQ,0.8148
771,R172GJB6UWYKD1,0.0
772,RLC4M1VKMJSNB,-0.8762
773,R16S8QG8W87YT9,0.7777
774,R3LKXXAXVAHXXZ,0.6669
775,R30Q0MGNLN8GBJ,0.645
776,R5LPOEAPJSGJ5,0.0
777,R3J433F01Z7LY1,-0.3384
778,R1LDDIRM4VDPYI,0.7906
779,R1BNDVB6UBB8MR,0.2755
780,R2FXF4JSMMEPY8,0.9904
781,R2HOXHYCN5R6F7,0.4754
782,R29JKYSXTH4JNW,0.9784
783,R21EXUDSDGHA7,0.2732
784,R3HSOTM59MM0MW,-0.5106
785,R12A4KLY6CDPA7,0.7184
786,R1DCPHU8TZLMJ0,-0.1655
787,RGT7RTQ9BY8O4,0.9828
788,R3LFQF7CCRYE81,0.9245
789,R3CK4WCJW9G7NS,0.9793
790,R3LXY0P3K4YSME,0.0
791,R13A2T7MHMCVBV,0.8925
792,R1CBPEKYJ8YQPP,0.6369
793,R1SUYQBE48R0R1,0.4822
794,R2ZID0KPYT8NHV,0.8553
795,R2J9FNO7ZSV51R,-0.2468
796,R39SV83ZZX24XQ,0.6369
797,R1UTWP9PU37A1F,-0.8394
798,R2H9R03NH66PWI,-0.8422
799,R16NKY9THARB9J,0.8553
800,R15L1BJWZE6NTU,0.7767
801,R22HLWEC0B8MOD,0.9382
802,R216OIG9RINLKW,0.9278
803,RDE458XLZBFN3,0.0
804,R1LE2V8ZGC3JT7,0.6249
805,RWL0C2S2APZ0N,0.9114
806,R2CCQL8HEC4KGX,0.9354
807,R1Y8UV8AFJLV2S,-0.7351
808,R1S7IYPO3CZQDV,0.7328
809,RA0MW5WRB3R2A,0.9653
810,RNVY5R2BNW5O,0.7334
811,R35FNU4OLOJDDC,0.945
812,R344SJ8QI9XE4K,0.7778
813,R3QDY2Y0WMA80X,0.0
814,ROKFZ3TGQAGPS,0.9274
815,R2J74BFOF8DPY8,0.3612
816,R3BFAGWWN9HZLQ,0.6476
817,R23P6V7ZCUIM0H,0.9637
818,R1VVUOLZJ2EI5K,0.891
819,R17V8HQCTYC9EQ,0.835
820,R2UPYJMAU3WLL,-0.6542
821,R1YEHC0T23UYTG,0.872
822,R2QS9OXNP765ZU,0.9463
823,R1FW5QI364TAEX,0.9446
824,R21OUZ54GVFV8P,0.1875
825,R3QXYWV13X4XNK,0.7133
826,R17AUP7F1PQH3K,0.9427
827,R2R6UIGATHKEK6,-0.8797
828,R1JKC7B63KI65G,-0.8484
829,R2LQ9AN9SN4Q95,0.891
830,R1L1PGR5VVGO0M,-0.5228
831,R3K7EPUB47OUKX,0.8889
832,R20YYJ1965C44D,-0.1227
833,R159CDY3VD5V1U,0.2838
834,RZDX4VRVCUOCK,-0.6486
835,R3SVLXRFJREYOB,0.5709
836,R35TMYU4LD2CR9,0.8356
837,R2D2ZXPI7AS6WN,-0.6562
838,R181310HTR4STE,0.4497
839,R3N37YBDQH40GD,0.551
840,R1H89PGKKH9PWQ,-0.4939
841,R1BB5LG9D17Z1P,0.8977
842,R1R8ZG90Q2146L,0.6249
843,RQ94BL1Q67FWI,0.2144
844,R1A3SRGF8ZAK4I,0.8042
845,RXG7NJ14D98OL,0.9258
846,R21BN08F2OOJ6O,0.6249
847,R2I71MWYPLHJD3,-0.5355
848,R3UX81LSF2GQHL,-0.34
849,RM9NY2AHOG368,-0.7845
850,R1P47CKQY2R19Z,-0.6997
851,R2PFS5N7UBE31H,-0.7783
852,RFNQJ0WVS34VV,0.9439
853,R178NJ9WHK671F,0.9246
854,R2XUOZR17OJ3OU,0.765
855,R1IZFY5V28N13Z,-0.8622
856,R2A44J4L9Y2NQ2,0.9497
857,R3DIZUZ7U7LV4G,-0.1531
858,RCKL3MTDQJ3FQ,-0.5863
859,R1O7G248093XFY,0.8979
860,R177R75K29EUIY,-0.0857
861,RCV3R5409QR24,0.9726
862,R2921ZIPUR73AM,0.6015
863,R19SQ1E4S86LPB,0.91
864,RRJD0ED79169E,0.9875
865,RJSUPA9MOV06K,-0.4754
866,R60LIRFAJTG12,-0.25
867,RIQEJNP5PBFYN,-0.4215
868,R1LKB6Y1BNHZZ4,0.6908
869,RDJZSFU49LKTB,0.7964
870,R2FJGSWFLBKLVC,0.6808
871,R16S72WAGG32VQ,0.0
872,R36AWYQSHE6V64,0.6249
873,R1R7FCC6RUFC6M,0.902
874,RIG4F50FF9PTM,0.9818
875,R39EMURUYCKD4L,-0.3291
876,R3FVHCAHOYFNQL,0.9062
877,R8KIDO4F6QWUE,-0.2732
878,R2KWFTBP5XCQVL,-0.9628
879,ROFXLE73ZKI90,0.7777
880,RVDJ44B82LWMK,0.8885
881,R3VQRYWO7NXH44,0.6688
882,R8JRYROQQ1Y5H,0.2382
883,R1CYMYCNEL4YO0,-0.602
884,R2CL10HTXDZJNS,0.8998
885,R24H8XBLDMJVRC,0.1154
886,R22R0UEDVGUFO5,0.8883
887,RTLG4YUK983WM,0.8981
888,RJ4RVIO6H4LD7,-0.7504
889,R20XPZ0F3PMWFO,0.597
890,RUNP0W14HBUKB,0.0
891,R1LYNXQZTZTT4X,0.6249
892,RW0AEPAC3XAM4,0.6956
893,R2EMEKKRRB4Y29,-0.5994
894,RDQ2GD32ZJ4TS,0.0
895,RMBJCZYAKB6E7,0.5889
896,R3SO343054RW5Y,-0.3971
897,R1WLIDZGC92S7H,0.902
898,R2WTZZDXA2D1ZX,0.9488
899,R2UR88BPVO78QI,0.9586
900,R34F2VFYJJ4UMT,0.8697
901,R3O3RVLFV1V618,0.2748
902,RL9TG808Z7ODN,0.7003
903,RVI65OY16DXTS,0.9303
904,R1L0N2TZ286180,0.6157
905,RXNUQB0W9W8QE,0.8554
906,RYF3KI24L1DKG,0.5793
907,RC1Q8FR5H4W6X,-0.1027
908,R30WBHAZLRK50N,0.8655
909,R1NG8R3QR942T5,0.75
910,R1KJNAE664M9QZ,0.9582
911,R2NFVQ5QME7RQT,-0.8184
912,R34IS0PHW3CJND,-0.373
913,R3BFX3YLOCU7JK,0.4404
914,RLG9RZ63N1LCP,0.8805
915,R29SFO5NUUNR67,0.8271
916,RFUBYVW0TXD9U,0.6908
917,R3BXLL7EK43Q2L,0.9226
918,RC0EZ7O95UEU6,0.1002
919,R199B273X5YFK4,0.1901
920,R14FIJZSD3YTKU,0.7783
921,R1D0GYZHUFLTUH,0.8244
922,R274XK6OFC42PS,-0.9466
923,R3QDJ22DMIFWD0,0.9228
924,R2R0Q1TK8OOKRL,0.0
925,R35I3RETO99ZYO,0.0
926,RI0QD919RMYW,0.3856
927,R1E4LIGOERRALZ,0.7479
928,R23NQJCDDXOTOV,-0.6794
929,R2GO12JW5HJKO0,0.5091
930,R2FV2IRFS25EOL,0.9081
931,R75L3FELRZF01,0.2732
932,R3J9ERDOHUPOOW,0.5838
933,R3DB1N7TM3YUFD,0.6857
934,R308NHF9TSNCHE,0.8267
935,RA52BNOP5RSGS,0.9107
936,RDMEJ35HNGDW9,0.5563
937,R39C3IJ675ESEF,0.872
938,R2OK4UWKM5XFCT,0.0
939,R1E870QQGMHIG0,0.9574
940,R15QDMH9BCIO1A,0.8096
941,R1S1P0HL8FOTK9,0.4926
942,R1SWYOR5NMC2IL,-0.8812
943,R1YD2YPDBAX3XH,0.0
944,R1Q2Q0RUDQ8R4D,0.8625
945,R10UAJIB4R2G0R,0.1406
946,R1U3YT1X6MHFBA,-0.8208
947,R2CZGB89UBS5ZQ,0.9934
948,R3QAYNVKOBFL3F,0.743
949,R1M4XTLS090SFH,0.7906
950,R1W99WVF5JEK9T,0.2732
951,R39RXQLH8PGL35,0.8155
952,R5J87FRLU1U8R,0.4404
953,R604ISO4MZRYH,0.8777
954,RW3LUJP65YQ6L,0.0
955,R2NIN11WLAEUNE,-0.6588
956,R22ZZ4XQICS6IG,0.5928
957,R3P8SJEOI6R6P8,0.8442
958,R245MU1ZCJQ77G,0.8565
959,R24211W83A7KND,0.8645
960,R1P4474IKHU51N,0.8117
961,REJSE007FGB2H,0.0772
962,R2S78J70CDQK3H,0.9442
963,R3EBFTG5TWR8ER,-0.4019
964,R2XGJXGAE3SRAY,0.7715
965,R3387Y8CZVXYR4,-0.6868
966,R2PMCNSJZEG9X6,0.4404
967,R383AGH8CJZHPI,-0.0516
968,R36NXL60OBCP1H,0.8932
969,R3LZ1X8GINCBE6,-0.872
970,R3JM24X0EN9YDC,0.9164
971,R20J6PX3XEUE7Q,-0.8166
972,R3DVD9863AY0YN,0.9863
973,R2JEJAMVBRMB16,0.9229
974,R1VNZRE22N2UZW,-0.816
975,R1BWH3ZFGPJWTB,0.9459
976,R23IVVJUMW92QN,-0.8743
977,RQMJZE05H42DY,0.9844
978,R3MQFYBU220JU8,-0.7914
979,R2EZWEW7PXCVTU,0.8221
980,R7JYVC5V7H01R,0.7007
981,R12BW3IESY27E0,-0.6808
982,R2DUKAK9VR1KHF,0.7506
983,R3OW21UERO3YBZ,0.9286
984,RZ9MBA5BZUHVY,0.9978
985,R2GG7YYQBEXHZG,0.5573
986,R2XFK5PNK6M6SS,0.8469
987,RW04SRDCYLZWP,0.9259
988,RPJI2KKQEPLV2,0.3008
989,R4HWP8PKM1MN4,0.8805
990,R353IUZDJCLC7A,-0.6124
991,R17NTD4IO6F622,0.9293
992,R2LJRIVX8BEZ95,0.4404
993,R3CM5ODB9W18L7,0.6808
994,R1D00ZLZNTFKZO,0.8863
995,RUBOK7O88DIKI,0.9882
996,R2U62Q6MUMF9LA,-0.6705
997,RPLQHZIQ2L9XY,0.101
998,R2EMLEIZCHRFFG,0.8994
999,R3GVR7JL38HGCD,0.6993
1000,R3ALI4LCVYF0P1,0.8779
1001,R3VJN75VZKZ598,-0.6353
1002,R227NI3KQIOQEK,0.5574
1003,R1Y4S6T63WNKNI,0.9485
1004,R37HLE4A8ILK0C,-0.9052
1005,R2BDGE7CPY0IBD,0.2617
1006,R1Z3MSC8KV6GK2,-0.9266
1007,R9SQ2EU5HI8PD,0.7845
1008,R17H2H5K17JF45,0.7555
1009,R29ISUBYCJS9CZ,0.8879
1010,R2RSM3EBCFF2F4,-0.9545
1011,R3F50TVGCAJDH3,0.9255
1012,R11LSQHP3G1XGT,0.864
1013,R2LWCPUCEB82HP,-0.5719
1014,R1T5C3IEMUIP4Q,0.8989
1015,R2SJ3QQ4EUXER0,0.743
1016,R3BHJIM18LRQ28,0.819
1017,R3SD1YJSB1ZME0,0.0
1018,R1HWLALX1RAPXX,0.8176
1019,R2TNOFR798YBO6,0.6473
1020,R344YZEO4DYWBD,0.8122
1021,R1468UMXSVLK1U,0.5617
1022,R2CSPP5VTVMCCL,0.7841
1023,R2CPAW0AF1ZYX7,0.139
1024,R7Z00AG9LGKYQ,-0.7096
1025,R1KSXYHP695BW8,0.9426
1026,R2I4OWK8Z0V3HM,0.6557
1027,R363HPUGTG8OEH,0.7832
1028,R1ZFQULWJM466U,0.9325
1029,R31G5UBSO1210X,-0.25
1030,R1JHGV3K9OJZBJ,0.0516
1031,R3D3W2L06AAT10,0.8544
1032,R2XH5X115FOGN9,-0.2755
1033,R3NT4N14Y8SBOV,0.3612
1034,R10Q45CN132QXD,-0.9432
1035,R3CRLSYDVY3QGF,0.0772
1036,R1WE2KIVVJGUA1,-0.8698
1037,R2ZJTZMMWXXBBL,0.9719
1038,R2IGQUCTM9Z0W9,0.959
1039,RUZ6RA77QFFFJ,0.8016
1040,R1OPVHTOGUMD2D,-0.012
1041,R2L4V666PPHHYW,0.6364
1042,R2XW44NFWK28VD,0.7003
1043,R1Y12GBXTIGN02,-0.7326
1044,R1CNG0X7T32D46,-0.7852
1045,R9LMGPYGVQNVO,0.9348
1046,R21IU7DDEUK88V,0.5574
1047,R2TUDWI3U57KLN,0.4215
1048,R30KUFKP69IP4S,0.8555
1049,RTB4XKNR64IPN,0.6908
1050,R3GS3W6EZFWPHG,0.0
1051,R17LBHG5TQINZ4,0.9764
1052,R2KJBNI5ET8EOH,0.0129
1053,R15R315C1588SW,0.2247
1054,ROLVZXYJYIXQ9,-0.9039
1055,R27IKKC0SWNSGB,0.1582
1056,R25WK77SUW9DHD,0.934
1057,R15PL9LBJJZHL9,-0.647
1058,R1MQZFT428M8KW,0.0791
1059,R90RFAEBC09GX,-0.1568
1060,R1FEVPTESSYGBZ,0.996
1061,R2XJPOXVOF69RD,0.9869
1062,R1HSV04H7WO867,0.5545
1063,R978S59HD2KRT,0.6858
1064,R2986E1EQNJIVU,0.8834
1065,RCMU7UJFZ43TG,0.1027
1066,R1UPRJLG0V1Z65,0.9361
1067,RVGUAJR979MKT,-0.5984
1068,R3U37SQ3U1QGOI,-0.9211
1069,R3OVOV4V8UFGHL,0.6124
1070,RL07KT2QC78ZM,-0.9677
1071,R35W5MUP6UWRZG,-0.3309
1072,R1W59KH3NB8J8V,0.8716
1073,R1TZA72JG6MLCP,0.3612
1074,R3MOBHZOOMQN82,-0.9501
1075,R3N3YGIR923G30,-0.1655
1076,R1YOG8NFZE14H1,0.5677
1077,R22LTMS91M7NHB,0.4304
1078,R9TCMHB1Y9ZMF,-0.9522
1079,R33L37MSD1EFZ8,0.9205
1080,R3BHSP5EBOV2X3,0.995
1081,R1WVDDAMSF2LUC,-0.7081
1082,RTN2201XBWOAK,-0.8033
1083,R3C7R0875NDEM3,-0.3811
1084,R2O40D2F3YVB0O,0.7263
1085,R3V4SA2PXHKHYT,0.2142
1086,R3MGOQ5R5FG4OD,0.0606
1087,R1YRQHIPKBO6EJ,-0.8873
1088,R3O0TO2IPIW1C9,0.7311
1089,R1JC5ODZ0ASZMS,-0.6901
1090,R1JONB3N6LXBKA,-0.6679
1091,R39WI60TLVVCSQ,0.1531
1092,R31GX18UO2A06T,-0.5878
1093,R262NC3T5H7IRE,-0.4255
1094,R1OYY7TN6NG3SO,-0.4628
1095,R2AG6HYJ75CYTZ,0.648
1096,R2360DSEVKA7JL,0.1531
1097,RA61WPIMLW9HV,-0.7186
1098,RDVZ2HQ380E4T,0.9067
1099,R4ALA1SDRUYG8,0.9247
1100,ROFEHPUQRIJ0Y,0.8807
1101,R3GNAUFJH68Y5T,-0.0823
1102,R1KKQYEEBY156R,0.9376
1103,R39182U0UURYM7,-0.8519
1104,RQR6D3MALB08Z,0.9332
1105,R36DIS3H3E05OJ,0.0
1106,RBQCZU8MIMIG,-0.5267
1107,R1Z2I4R7DVA86P,0.3804
1108,R3P62TXYHF41WU,0.8008
1109,R40TBM6L82HQM,0.8287
1110,R1FQ4YLU0T98BG,-0.4588
1111,R2ROMQCFGUSNUT,-0.2939
1112,R33DZAUACRDBS7,0.25
1113,R327DRKA5F5EQ8,-0.1502
1114,R19MND8QI69IMC,-0.5983
1115,RWK0OZLJU1VPK,0.8555
1116,R3UGFOG1HPZVJP,0.9132
1117,R2AWDW6E2DCRWH,0.9431
1118,R3SJIKVIV9MKRK,0.4295
1119,R2WKT5MJIEQIFW,-0.2146
1120,R1DLT716Z85RXQ,0.8781
1121,R30M79WWKJ9NZR,-0.1027
1122,R1WYT8CPIY8G7P,-0.8625
1123,R1Q82GLEWWHIJZ,0.8316
1124,R3OAJDED2KQYH5,0.5568
1125,R22285CUV38S5U,0.8577
1126,R2B7R2RXRHBEPI,0.8928
1127,R2HPFQEMDGWP4T,0.9516
1128,R2DD7C7G4AX8N6,0.8262
1129,R13TF1GT9WJIC2,-0.8522
1130,R284KCRVBWCU44,0.7096
1131,R3DW24PEDLMRGW,0.8265
1132,RW59K45TQ2JJC,0.9531
1133,R1DAE12V2E1OO7,0.6287
1134,R3GVPDQXZCOC6G,0.6369
1135,R1VCVDEB0V77H2,-0.4767
1136,R1JFZP960ZVDL7,0.6908
1137,RVPCCJW6JSDKO,0.7941
1138,RFXQD5FSRA8N2,0.3718
1139,R2YPN1N0QDMSGD,-0.6587
1140,R2OA7H2S27EES7,0.988
1141,R72ZW0Z5PGE7F,0.8449
1142,RPTDO0F8CXF0Z,0.8786
1143,R3NZIVRM2AOGZG,0.415
1144,R21UB81I3CFK78,0.9165
1145,RMKGG2RD7B56L,0.8743
1146,R2WC2ZXFVX0K1L,0.6696
1147,R2GRQOYN3H7B0N,-0.5994
1148,R26OQU6TOR04WZ,0.9717
1149,R3F9Z5G6WQM5MW,0.9113
1150,R2WSHVOZZJW9N1,0.0
1151,ROSW24ABOII1J,0.7088
1152,R3K5216XH8Z9MD,0.0
1153,R2A2OG1HSA5H7B,-0.8829
1154,R26F2MZEGLGZ9B,-0.7186
1155,RWBSSWRZI2XS9,0.9632
1156,R2FT6EV16DHZHY,0.7178
1157,RM2XB0N2FFLZ,0.3365
1158,RCSMFVK2G2Q6D,0.7067
1159,R3S4HTKOYP45FX,0.8552
1160,R2T3LD6J8GJ5UG,0.7969
1161,R32ZEE4P94OBFO,0.9817
1162,R2WMKW6SM2XL81,-0.1823
1163,R1QLGV9K99571E,0.5719
1164,R33202RA30C03Y,0.9899
1165,R1NZWT7QI4WFH1,0.9948
1166,R37ZTWMW2DFB6H,-0.631
1167,R179KKSGU4XNV6,-0.1154
1168,R1EGJ6HTR9CPCI,0.0
1169,R1K3UN9JIQ0PPS,0.6059
1170,RUWM9V6OFBXHN,-0.4137
1171,R2A7SAHUN8GM9S,0.3182
1172,R3BWE5N135P48,0.9169
1173,R3VGAWX291HIJO,0.0387
1174,R24CQ832WK2GF0,0.958
1175,RSBMZIIFI0ZXA,0.4417
1176,R2TLD2K8FW73YZ,-0.7992
1177,R2LICHXRAO7O41,-0.6486
1178,R3TLT4TETUGFOC,-0.6597
1179,R37BWUFFI1MHKU,0.6926
1180,RDO858466SV83,0.7635
1181,R11TAJZQFBSQQE,0.0731
1182,R1TWLCQSI2KT9X,0.9805
1183,R1B2D6V1CK5CK1,-0.4991
1184,RX2C8GV8PQDAQ,0.4199
1185,R3DKT78AELIKFS,0.9859
1186,RAT80BXFH79U9,0.9729
1187,R14ND2AEZNF02M,0.8996
1188,R2FMTM9I4UU4OS,0.3506
1189,R15W2RQKSYZG0Q,-0.1779
1190,RCJC9XHW9A6TG,0.8658
1191,R1P533K0BHNL2A,0.0
1192,RBA920XPLL95R,0.643
1193,R28IK8FMRFI06M,0.908
1194,R3IHOUHN0XQQYK,0.8688
1195,R3AZNMFSZ6IC7N,0.9253
1196,RVFRMNN0EDRMN,-0.3551
1197,RA7XKFQRPN13R,0.8659
1198,R1TQUKEMMCII23,0.8324
1199,R271ANGBHHEBVW,0.5696
1200,R2GIM1ZIOXCTFA,0.5343
1201,R3FYF3LK73414F,0.0865
1202,R1SY7MOAMI8L7M,0.8248
1203,R2F1LYDHONWUZF,0.3612
1204,ROFN2O4JXZNJ1,0.9098
1205,R1F6GIY8TY8NKY,-0.4308
1206,R21DTW0OLOUKBV,-0.5574
1207,R34DATUDQS89F0,0.6543
1208,R17S69KWQIU0LU,0.0
1209,R1QC59ZIODDVKT,-0.4019
1210,R3F5HV0O5VW4T5,0.9382
1211,R2V0LJP444IDKV,-0.7957
1212,R32U91EJEO052Q,-0.7227
1213,R1YH3TSRTTJRE1,-0.802
1214,R144OWZGOF24GD,0.9163
1215,R1AVCWG0R65CS3,-0.918
1216,R35KYEAK52C86D,-0.4588
1217,RXYYKMNCLN3KC,0.958
1218,RG92PDW17TT5K,0.0
1219,R1ST18ZX87TCS4,0.6199
1220,R3MHYSFIDE9OBA,0.9724
1221,R1V5CSPGKNAHW4,0.6901
1222,R23WCVAV7EM3FD,0.9448
1223,R5I5M2YR4HMBQ,0.7679
1224,RT0X30TTOWOKR,0.9072
1225,R2KK7SHPB884VA,-0.5563
1226,R3P3ZBEWATNQCI,0.8436
1227,R9L2L50HQOYX,0.9345
1228,R2V5KBS7C4QI2Z,-0.5574
1229,RS7XXF9HJL3LE,0.885
1230,R3VAUXX7QJXIYQ,0.0
1231,R2H9QO531PGK4E,0.7579
1232,R2MM0SFZ3M8HL6,0.4151
1233,R1VG9FEKW0Z4TO,0.2516
1234,R130F6ZWZIWVN2,0.9336
1235,R3CCM892QC5JCA,0.929
1236,R19O01AHUOPP5H,0.9451
1237,RZV2OHYHB78PT,0.9655
1238,R2S1OAPMCZBGLV,0.9694
1239,R3LQ7JPKBZ9X7O,-0.2523
1240,R31DOL0E9JQQOZ,0.8425
1241,R2NJX8IB06HT8S,0.0992
1242,R2AR00AJ7USE0B,0.7351
1243,R33CN1MMFTSEEQ,-0.1254
1244,R387A2ZM3GISL0,0.8439
1245,R2WJX6QPZ6FK6W,0.0
1246,R3H9D2B13FTSAV,0.4404
1247,RDCZ8GWXSGK9S,0.8763
1248,R2ZWA83HPTGNP0,0.8555
1249,R1HHQGRVD30L7C,0.7906
1250,R1642FH7DWV3GR,0.669
1251,RDL6U62MJU873,0.6896
1252,R2RPZ97QTD2P5Q,0.5106
1253,R2ZLCPS8IOBUPP,0.4404
1254,R3P8PBWAZYC3OE,0.2358
1255,R1IL3610LIPDOF,0.7901
1256,R3IDDNQ4K9D2C6,0.5175
1257,R3C2TYCHFD7HZM,0.2514
1258,R18WF5TNVQ2B1D,-0.8847
1259,RJ7OIUICUZBSO,-0.0018
1260,RNXM3T0RRX6C8,0.0129
1261,R1B2PL2TTUVSP,0.9118
1262,R3SLHIN4AAJQN2,0.4071
1263,R34WDZC6E3J74T,-0.5106
1264,RKNPXA0RWXMNN,-0.296
1265,R35EGJHT2U3US1,0.9412
1266,R11S2CWZC3YA1C,0.9178
1267,RPVDK2KFZW6J8,-0.3149
1268,R3MIOPG9F4SJTZ,0.6201
1269,R3RRIIKPJ38WF4,0.8834
1270,R1VC6RBEQY5MTE,0.0818
1271,R1E49ZQCO10AV4,-0.6486
1272,R5JXAJDVTP6T5,0.9551
1273,R25WP0MC9XAGL4,0.831
1274,R13H3VK4P61J3F,-0.4019
1275,RDJ4INZUT08EH,0.1901
1276,RA9X2WNLFN7HB,0.9282
1277,RVP3G9XXKOE0U,-0.2598
1278,R3B796T7QR95MG,0.6248
1279,R1RY36ZKI7MNE5,-0.7783
1280,RKBT6Z513YZ1P,0.7184
1281,RJ9J1SSBL4TX,0.6344
1282,R235JS7JVCGRYJ,0.8225
1283,RF64XU0Q9SSI7,0.9786
1284,RBUHOIPGCIIUV,0.2006
1285,R2Q3MG9GMDSSPD,0.2382
1286,R1BCIXJI33ZW0D,0.6114
1287,RK4304EVK0OHA,0.9631
1288,R3LARHXW38MIJN,0.6478
1289,R9PKHPUR6D6QJ,0.8214
1290,R2DI0SNJ4HR5IQ,0.5499
1291,R1BAMRB7EEGCM6,-0.765
1292,RTJBMSXQRTB2P,-0.8583
1293,R35CPZSQEQ1QJW,0.6373
1294,RUXOSU76EWIC1,0.0
1295,R1ZX2C6HDN8UL7,0.9381
1296,R3LOP36H9WFPJO,0.7906
1297,R11ERE4IAD6JZD,0.4199
1298,R3OIGVEO49MK81,0.9474
1299,R1LH8X2I1A9VHX,-0.2247
1300,R28FDEGAUJI8P9,0.8402
1301,R2Z27LHSVH6USK,0.1386
1302,R3LQMIISQUAJ68,0.9867
1303,R3P2HZTGHR0RAO,-0.296
1304,R22H1MQZ3YQPR1,-0.6941
1305,R700KF525RJF6,0.3983
1306,R2A8J0U92HX2QH,0.7684
1307,RDFEL2E2ULFCQ,0.9065
1308,R1BVH9DPTM166R,0.8012
1309,R1M5NC4XORAEMS,0.8303
1310,R3BHX8W8UL1U6I,-0.891
1311,R3VSQLV3OCMIL9,0.9532
1312,R2FENI4Z4G2941,0.7964
1313,R2V7C3ABUZO3PV,0.624
1314,R3KI5UUNQPN8KT,0.2263
1315,R3C1NHTNVGTACH,0.6908
1316,R2KQAPISRV984G,0.9524
1317,R1DMA5S5JULBVD,0.708
1318,R11GVNJD2MS4FF,-0.4588
1319,R2RCH8XDFOH0VN,0.9489
1320,REKJYIXNFCUML,-0.8805
1321,R2GMLIROXE3WZU,-0.729
1322,R12VHG0778DMSO,0.8133
1323,RGJX3P014D186,0.8711
1324,R2CBWI7SLDHOO6,-0.3026
1325,R27AQQ8O2JCTBB,0.8121
1326,R1KAMZT6RMV4CY,-0.2924
1327,R1X02ST4COC86D,-0.7713
1328,RUFCTBKSIA9YD,0.5984
1329,R20RQ36UI9SOR9,-0.7887
1330,RPNVFBHCOTMDZ,-0.8449
1331,R8BCLWHC4IZ0E,0.7184
1332,R8ZI7DSDATI00,0.9106
1333,R68EZDL5YE4WU,-0.9603
1334,R15JI1MSZ3YJ3U,0.0
1335,RXB09OW6ZUMHL,-0.4215
1336,RBYJW1UTX38K6,0.9493
1337,RL51NMYVV5X2D,0.8218
1338,RJIWMS41AMX58,0.2401
1339,R2AMIRBZTQE2SC,0.0
1340,R1G9AQRSLDNOOP,-0.9664
1341,R9QF077E38CKD,0.903
1342,R2U8N81M80OPIB,0.9818
1343,R283HO77DKT9F1,0.7893
1344,R34AXPEDF7UR6P,0.9822
1345,R3U4M2Y7XCN888,0.7096
1346,R32CHJUYLUZZKV,-0.8419
1347,R2YWU47I6SMF15,0.8698
1348,RSLACSS98V7UK,0.9537
1349,R325UFS9X6TMGC,0.7779
1350,R1CEPCU6RUY59T,0.8519
1351,R21MU2OQEORI07,0.4588
1352,R113EINO6TIQ3,-0.25
1353,RIL62U94Q2PZ0,0.893
1354,R2HDF0S73BNQF4,0.5574
1355,R1SQE7FSD1CENT,0.2944
1356,R2HX9DCCUWUM1C,-0.319
1357,R3H72XMEJW59P8,-0.7538
1358,R2HIFM8W0IPSZ,-0.4404
1359,R3TZ3J1Z3SR6FC,0.6369
1360,R3ALZ0B0M9AOK5,0.8703
1361,R16B9696VPW8FU,0.8553
1362,R36E1CQN5LKPP3,0.0433
1363,R24MYKY0TSYHR9,-0.9782
1364,RXYC0IR1CCUV6,-0.9225
1365,R2IEPLL5EWYTUE,-0.3516
1366,R23BXXZ8AUWJFZ,0.8439
1367,R3NC0MI55ILDUG,-0.0675
1368,R5XALZITEJ93Q,0.7876
1369,R3P9F9Y1TYHBX2,0.5913
1370,R3GZNUI4TG3JA6,0.8586
1371,R1UVK1R7SOTDOL,0.7248
1372,R1K7Z7LUEYYUR0,-0.7498
1373,RAVP18KG2JCL8,-0.8416
1374,R2GQ6O8D8LNRYT,0.9359
1375,RBX4XMBSY964S,0.9432
1376,R2RDYQE26D7F0I,-0.5574
1377,RW8G3PXZVE63J,0.3182
1378,R22UOR74LPMBY,0.8616
1379,R19NVDYA4RJTR5,0.6035
1380,R2JIKN2Q84OGFG,-0.8492
1381,R1W5JYMZ6TIIJM,-0.7003
1382,R76STN0LUDKMH,0.8519
1383,RSU114FJCMLYT,-0.743
1384,R3RRRSYRHZXPRY,0.944
1385,R1IXI53QMLLDTN,-0.702
1386,RDJRY4TTASP4M,0.128
1387,R726QI0KT1Z43,0.128
1388,RVMBNTPQKWE9K,0.128
1389,R2GMK5M08AIKJQ,0.128
1390,R1LLSY2ZA88II6,0.9419
1391,R2A6O9GO0YYIKM,0.3182
1392,R2NPORX6YHZFT7,0.9184
1393,R14BYS1NUFRGLR,0.7321
1394,R1B8IQ3L0OTYC3,-0.7158
1395,R2PHE7AQT59CMO,0.923
1396,R3ON4VTUNLWGMH,0.908
1397,RUYH7XJCMLJ0W,0.8591
1398,RIPOD1BBKOD2V,0.9768
1399,R3SNQEQE5UA5SH,-0.8326
1400,R2VIW68E4UY1P4,0.701
1401,R2HKXN33E8UNK6,-0.2917
1402,R3IPAG8OSIXV3G,-0.9911
1403,R353KZC7PX7IAO,0.8807
1404,R2ZUTLNNXFQ8C,-0.9648
1405,R396U9YEA9H6JR,0.9592
1406,RVF6011P8F0S5,0.9659
1407,R2JT2S08RLJYJT,-0.5106
1408,R1LW6KD94VAY5Q,0.3291
1409,R3LZOVXFNRZQOE,0.714
1410,R25WD5Q1Z0R5DD,0.5106
1411,R33CS9Z0N76OB8,-0.6002
1412,R35VP4IV5DBPXN,-0.9286
1413,R2LM8M6TMQAHDK,-0.3204
1414,R26UQK5NZ7QJA9,0.9418
1415,R3OTSS1QZ9J5FE,0.9619
1416,R3E4PBDQSB0PT,0.8289
1417,R35P21ZFQGHKUK,-0.6059
1418,RO922L76C2T5O,-0.1189
1419,R1G2MVCWGM2F8W,0.623
1420,R2KLFHCY7DEHB,-0.94
1421,R3EGCQFK8ZMSVN,0.9381
1422,R37XL57URTMPRR,0.1531
1423,R3NM5YLRYM5AWY,-0.3071
1424,R3DTAGSZ8HL6XM,0.743
1425,R2UVLME8DQETYL,0.9402
1426,RLDIAJ1VL92QH,0.0
1427,R1X8T78FKU091T,0.9741
1428,R2OSDOMCSBWED5,0.8338
1429,RKJSVE44CFEKW,0.9186
1430,RSAKEBDJ2ZGCY,-0.2975
1431,RQQGPJS9TAZSY,-0.9007
1432,R1JAWIUKRXTCPD,-0.3818
1433,R3KI2OOWI12U3U,0.7482
1434,R2RA7I4SWGEZL4,0.965
1435,RPU3C1ZQ5D8LF,0.9864
1436,R2R629Q70Q6ARN,-0.9184
1437,R2285O38DIUTR9,0.9935
1438,R28EE1FY9H5VEG,-0.6597
1439,R2RQBI0P8JM9UP,-0.4446
1440,R2EA64YUQFUC5H,-0.9468
1441,R3IQIT4OFB3CDS,-0.9131
1442,RXP3WWR0484EU,-0.8639
1443,R3DNW0HZBD6E2X,0.8196
1444,R1AZ84P7R146LZ,-0.608
1445,R9FHPJ11Q7A5,0.8955
1446,R1FC7G92X5YT1H,0.5691
1447,R2YNIJ3YRVHJ8N,0.6114
1448,R3GPPNWEMQTJ4J,0.5782
1449,R1SY8TEYLGYE64,-0.6124
1450,R2M1PH2TV3VFL5,-0.9307
1451,R19SEO470PK7MH,0.8765
1452,RLBJA32PHKDVL,0.6369
1453,R3FW8MFCX0XXTP,0.7968
1454,R3EZAYO1346CK5,-0.7912
1455,R1QEJEZL48X2BH,0.0
1456,R1U4UEV73CGXII,0.9899
1457,R4G1YB37B5M72,-0.4019
1458,R33FPFG5UCIT2S,0.0
1459,R1YFKON3QU98V2,0.9707
1460,RJMI2WTM9VAK1,-0.0129
1461,R1V36F3Z4VLXMC,0.2263
1462,R3PKECQZN7ZVUH,0.8853
1463,R3OQWJN4KBBSK2,-0.6542
1464,R2O5E0PX802ZPI,-0.797
1465,R2J1VC9LSS73U,0.25
1466,R1O9WK54KBAWEM,-0.8629
1467,R3JZE9CG32BIMC,0.9752
1468,R16BWKZ270DEA6,0.8397
1469,RSOWYDZ4AXDHX,0.6359
1470,RVZJ8UQV6KZEZ,0.8107
1471,R8LXYBDI2IM2S,0.9595
1472,R2DB7ZMTQNX1F9,-0.7003
1473,R2K6BLHZFCD2U8,0.5574
1474,RDV1CS5QSMZGY,0.5106
1475,R3JT1Q06HSNG6O,0.9789
1476,R2NFYOLO6IDY4H,-0.0516
1477,R37RMUXZRALWPX,0.9679
1478,R1TCIRB69JDSSB,0.9775
1479,R2CIH9SWU903L9,-0.8344
1480,RW6KWOQG3UODI,-0.8043
1481,R1Y9OXA2S9XMF0,0.1778
1482,R1SM4CAB2LLXGF,0.9508
1483,RK7AD3TY2U6CO,0.1618
1484,RFMHOXF78KEBN,0.8904
1485,RAK1CJC39CZP7,0.9844
1486,R192SRIUNNV8UF,0.9601
1487,RDC0R6VUGN6X3,0.4765
1488,RDAU808VOPYNG,-0.34
1489,R1OYE6P73MSWC4,0.7437
1490,R3BOJIAC838HPU,0.5808
1491,R1LN54OY5DXOUF,0.5983
1492,RBRQSRDAU9FB0,0.9953
1493,R20EH1OW11MTS7,0.931
1494,RKFZ7XR5SBVN2,-0.9289
1495,R1VYQHPI4EGEL,-0.1531
1496,R9S6HGRRCO1QK,0.1316
1497,R19FVA0ES439CA,-0.9118
1498,R19HDFJK4MACV5,-0.9432
1499,R2RLW4VXXYQAMQ,-0.8358
1500,R2NRI88ZCWEPY7,-0.2695
1501,RVU9F2FUECJUX,0.1506
1502,R1HFOUSMG6HYC5,0.9596
1503,R19BTPP6X8JKEZ,0.9494
1504,R10OTDHDIOE3EY,-0.8667
1505,R35RHWZRMTJF0S,0.8979
1506,RS6KTP8VEPDY8,0.7953
1507,RTLTBVA0PXIVH,-0.8079
1508,R1XZV2KY3RJDT4,0.9714
1509,R1JXI2M0IJER4D,-0.8658
1510,R1UST0H9LWH9HJ,0.3695
1511,R1WU5HNB2V5APZ,0.8553
1512,RKFLH7IEMM6XA,-0.978
1513,R1W8QP53FXH3PP,0.9714
1514,R2UDAJRAPOD4F0,0.3333
1515,R2P1ZW5FNLW7VA,0.6734
1516,R1VF8GNGJWYO4P,0.6952
1517,RWQ45I8N7CFTX,0.9571
1518,R3CXVR9DUBRVVT,0.3724
1519,R3SJB3YH4OKDNR,-0.9474
1520,R1TJS3S4PNHTQ2,-0.6705
1521,R3DKKKQBK23J5S,-0.794
1522,R2TBVT37RO3NTE,0.984
1523,R2VXOQOAHZUJTW,0.6319
1524,R19R3YDTIPG02C,0.9626
1525,R24R0FWN1A87UI,0.8402
1526,R12ELOSEBLNEXI,0.9546
1527,RZTRUNZCK3H5J,-0.1815
1528,R3AZTVPFSG14YO,0.3284
1529,R13PJOBGR8VBNK,0.1903
1530,R2JORQ97Z1ZHVE,0.9768
1531,R2HWGET42R8CIR,0.4404
1532,R1058IT10ZEUI7,0.9391
1533,RP7Q37N2HNLLS,0.9323
1534,R3F1RGKOV9GYKU,0.3887
1535,R1R5ENPPPA2LY6,0.8215
1536,R13B85G4EK2M2R,-0.9066
1537,R3AHNWQ13QFY05,-0.128
1538,R3TYV6AEFUR1K4,-0.802
1539,R1N5VGKWUUE8EV,-0.9238
1540,R2E8QHDJMO7M4D,0.9861
1541,R36UR1NAXJSH75,0.8689
1542,R12NHUWZCDVFOA,0.8687
1543,R3RLRTHQ72A5MF,0.0
1544,R2ATUY5ENGIJ7T,-0.8516
1545,R27QGA4N5NAET4,0.9257
1546,R13HBNT19E7PMK,0.6369
1547,R140KMBL05ZLA,0.8278
1548,R1REOU1IZ0G4E4,0.9942
1549,R1TWC6NTCMMMQZ,0.9858
1550,R1UI619E0LS274,0.9776
1551,R2WXEFZ3C0R8WA,-0.9509
1552,R308SA6LV3ETLH,0.8596
1553,R8YS6R7WNEVUL,0.9161
1554,R2FO7S7G64O8MV,-0.8886
1555,R3PTRZEX6GESP5,0.7717
1556,RAL4CUMJZ6ZFE,0.8402
1557,R2LROI2RPCXU4D,0.775
1558,R10R74VVFR2Z4U,-0.857
1559,R1ITSL5MMYXCMC,0.9362
1560,R1UPYF2WD97SNT,-0.4939
1561,R1ISQFXX70Y0OH,-0.9021
1562,RDZCZ2A55NN9X,0.958
1563,RD0LGZRQIRP0D,0.0754
1564,R2V5OQY4NUMHCV,0.9932
1565,R1WGDOYU8BDGBO,0.9517
1566,R1CUMATEO693VR,-0.5106
1567,R2J0WQKJF4L5OG,0.6705
1568,R24CRKA4F2HHPN,0.1635
1569,R3TSAPM4UO3XJC,-0.9433
1570,RTRK6B993JSW2,-0.0772
1571,R2LC3SD0GB69EE,0.9552
1572,R3MNGIUJOB6V8G,0.9965
1573,R11A33DO5BF1EZ,0.9813
1574,R1ZLJQPY302M8V,0.507
1575,R1BWH4QC48OY6T,0.8942
1576,R32375P4DJ9UH1,-0.5529
1577,R2JINGZ0AIW1YB,0.8016
1578,R2WIEATIDIXM84,0.3716
1579,R1I7HO0TQIH3PY,0.6808
1580,R1S47OHL97962Q,0.8613
1581,R3G4I6XOKJIVD1,0.9459
1582,R2S6AJFF8SQX1Q,0.9677
1583,RXDAJSUPK7N1C,0.8911
1584,RBRPCT3DBB2QP,0.9868
1585,R1J41VDEXPL2AE,-0.4215
1586,R2H858WR4FEOST,-0.5707
1587,R1VPM7LJTAM6C7,0.9925
1588,R1F700D23CBTCT,0.9724
1589,R1X53E4WYB0D8O,0.765
1590,R2K0Q1TFM0H2AP,0.886
1591,R2HOLVPM9L6UAW,-0.5267
1592,R124A9RCE0C1EI,0.9854
1593,R19SLY8AEJ49RX,0.9818
1594,R1DKTZQ1KA9IFB,0.7626
1595,R2FSVAV7HIG3MD,0.25
1596,R2CABGE0AOSYQ8,-0.7942
1597,R2G0YW6GJNU4CM,0.8689
1598,R2OXHMMI830KJ3,0.6509
1599,RY9INWIK8MAL3,-0.7992
1600,RXOAWGI9Z98QY,0.6869
1601,RVNWLGVDWE20J,0.9458
1602,R3D7L40T8FAR3R,0.483
